{
  "settingsReloadIntervalMinutes": 1,
  "fullscreen": false,
  "autoStart": false,
  "lazyLoadTabs": false,
  "closeExistingTabs": false,
  "websites": [
    {
      "url": "chrome-extension://pjgjpabbgnnoohijnillgbckikfkbjed/index.html",
      "duration": 8,
      "tabReloadIntervalSeconds": 15
    },
    {
      "url": "https://www.patreon.com/kevdev",
      "duration": 8,
      "tabReloadIntervalSeconds": 15
    },
    {
      "url": "https://chrome.google.com/webstore/detail/tab-rotate/pjgjpabbgnnoohijnillgbckikfkbjed",
      "duration": 8,
      "tabReloadIntervalSeconds": 15
    }
  ]
}
